-- Adminer 3.6.1 MySQL dump

SET NAMES utf8;
SET foreign_key_checks = 0;
SET time_zone = 'SYSTEM';
SET sql_mode = 'NO_AUTO_VALUE_ON_ZERO';

DROP TABLE IF EXISTS `albumimgs`;
CREATE TABLE `albumimgs` (
  `id` int(10) unsigned NOT NULL AUTO_INCREMENT,
  `album_id` int(10) unsigned DEFAULT NULL,
  `src` varchar(255) NOT NULL,
  `portada` tinyint(1) DEFAULT '0',
  `descripcion` text,
  `orden` int(10) unsigned DEFAULT '0',
  `created` datetime DEFAULT NULL,
  PRIMARY KEY (`id`)
) ENGINE=MyISAM DEFAULT CHARSET=utf8;


DROP TABLE IF EXISTS `albums`;
CREATE TABLE `albums` (
  `id` int(10) unsigned NOT NULL AUTO_INCREMENT,
  `nombre` varchar(255) NOT NULL,
  `slug` varchar(255) NOT NULL,
  `descripcion` text,
  `activo` tinyint(1) DEFAULT '1',
  `comment_count` int(11) DEFAULT '0',
  `albumimg_count` int(11) DEFAULT NULL,
  `created` datetime DEFAULT NULL,
  PRIMARY KEY (`id`)
) ENGINE=MyISAM DEFAULT CHARSET=utf8;


DROP TABLE IF EXISTS `carousels`;
CREATE TABLE `carousels` (
  `id` int(10) unsigned NOT NULL AUTO_INCREMENT,
  `src` varchar(255) DEFAULT '',
  `enlace` varchar(255) DEFAULT NULL,
  `descripcion` text,
  `activo` tinyint(1) DEFAULT '1',
  `orden` int(10) unsigned DEFAULT '0',
  `created` datetime DEFAULT NULL,
  PRIMARY KEY (`id`)
) ENGINE=MyISAM DEFAULT CHARSET=utf8;

INSERT INTO `carousels` (`id`, `src`, `enlace`, `descripcion`, `activo`, `orden`, `created`) VALUES
(1,	'upload/01.jpg',	NULL,	NULL,	1,	1,	'2012-08-27 01:58:08'),
(2,	'upload/02.jpg',	NULL,	NULL,	1,	2,	'2012-08-27 01:58:08'),
(3,	'upload/03.jpg',	NULL,	NULL,	1,	3,	'2012-08-27 01:58:08'),
(4,	'upload/04.jpg',	NULL,	NULL,	1,	4,	'2012-08-27 01:58:08');

DROP TABLE IF EXISTS `eventimgs`;
CREATE TABLE `eventimgs` (
  `id` int(10) unsigned NOT NULL AUTO_INCREMENT,
  `event_id` int(10) unsigned DEFAULT NULL,
  `src` varchar(255) NOT NULL,
  `portada` tinyint(1) DEFAULT '0',
  `descripcion` text,
  `orden` int(10) unsigned DEFAULT '0',
  `created` datetime DEFAULT NULL,
  PRIMARY KEY (`id`)
) ENGINE=MyISAM DEFAULT CHARSET=utf8;

INSERT INTO `eventimgs` (`id`, `event_id`, `src`, `portada`, `descripcion`, `orden`, `created`) VALUES
(1,	1,	'upload/img1213470424271.jpg',	1,	NULL,	1,	'2012-09-07 13:27:07'),
(2,	1,	'upload/img0913470424271.jpg',	0,	NULL,	2,	'2012-09-07 13:27:07'),
(3,	1,	'upload/img32.jpg',	0,	NULL,	3,	'2012-09-07 13:27:07'),
(4,	1,	'upload/img55.jpg',	0,	NULL,	4,	'2012-09-07 13:27:07'),
(5,	2,	'upload/img41.jpg',	1,	NULL,	5,	'2012-09-07 13:27:31'),
(6,	2,	'upload/img36.jpg',	0,	NULL,	6,	'2012-09-07 13:27:31'),
(7,	2,	'upload/img64.jpg',	0,	NULL,	7,	'2012-09-07 13:27:31'),
(8,	2,	'upload/img13.jpg',	0,	NULL,	8,	'2012-09-07 13:27:31'),
(9,	3,	'upload/img42.jpg',	1,	NULL,	9,	'2012-09-07 13:27:50'),
(10,	3,	'upload/img0213470424701.jpg',	0,	NULL,	10,	'2012-09-07 13:27:50'),
(11,	3,	'upload/img60.jpg',	0,	NULL,	11,	'2012-09-07 13:27:50');

DROP TABLE IF EXISTS `events`;
CREATE TABLE `events` (
  `id` int(10) unsigned NOT NULL AUTO_INCREMENT,
  `nombre` varchar(255) NOT NULL,
  `slug` varchar(255) NOT NULL,
  `descripcion` text,
  `activo` tinyint(1) DEFAULT '1',
  `fecha` datetime DEFAULT NULL,
  `created` datetime DEFAULT NULL,
  PRIMARY KEY (`id`)
) ENGINE=MyISAM DEFAULT CHARSET=utf8;

INSERT INTO `events` (`id`, `nombre`, `slug`, `descripcion`, `activo`, `fecha`, `created`) VALUES
(1,	'Pellentesque eu velit non felis adipiscing sodales',	'1_pellentesque-eu-velit-non-felis-adipiscing-sodales',	'<p>Lorem ipsum dolor sit amet, consectetuer adipiscing elit, sed diam nonummy nibh euismod tincidunt ut laoreet dolore magna aliquam erat volutpat. Ut wisi enim ad minim veniam, quis nostrud exerci tation ullamcorper suscipit lobortis nisl ut aliquip ex ea commodo consequat. Duis autem vel eum iriure dolor in hendrerit in vulputate velit esse molestie consequat, vel illum dolore eu feugiat nulla facilisis at vero eros et accumsan et iusto odio dignissim qui blandit praesent luptatum zzril delenit augue duis dolore te feugait nulla facilisi. Expetenda tincidunt in sed, ex partem placerat sea, porro commodo ex eam. His putant aeterno interesset at. Usu ea mundi tincidunt, omnium virtute aliquando ius ex.</p>\r\n<p>Ea aperiri sententiae duo. Usu nullam dolorum quaestio ei, sit vidit facilisis ea. Per ne impedit iracundia neglegentur. Consetetur neglegentur eum ut, vis animal legimus inimicus id.</p>\r\n<p>His audiam deserunt in, eum ubique voluptatibus te. In reque dicta usu. Ne rebum dissentiet eam, vim omnis deseruisse id. Ullum deleniti vituperata at quo, insolens complectitur te eos, ea pri dico munere propriae. Vel ferri facilis ut, qui paulo ridens praesent ad. Possim alterum qui cu. Accusamus consulatu ius te, cu decore soleat appareat usu. Est ei erat mucius quaeque. Ei his quas phaedrum, efficiantur mediocritatem ne sed, hinc oratio blandit ei sed. Blandit gloriatur eam et.</p>\r\n<p>Brute noluisse per et, verear disputando neglegentur at quo. Sea quem legere ei, unum soluta ne duo. Ludus complectitur quo te, ut vide autem homero pro.</p>',	1,	'2012-09-07 13:26:00',	'2012-09-07 13:27:06'),
(2,	'Phasellus tristique condimentum odio',	'2_phasellus-tristique-condimentum-odio',	'<p>Lorem ipsum dolor sit amet, consectetuer adipiscing elit, sed diam nonummy nibh euismod tincidunt ut laoreet dolore magna aliquam erat volutpat. Ut wisi enim ad minim veniam, quis nostrud exerci tation ullamcorper suscipit lobortis nisl ut aliquip ex ea commodo consequat. Duis autem vel eum iriure dolor in hendrerit in vulputate velit esse molestie consequat, vel illum dolore eu feugiat nulla facilisis at vero eros et accumsan et iusto odio dignissim qui blandit praesent luptatum zzril delenit augue duis dolore te feugait nulla facilisi. Expetenda tincidunt in sed, ex partem placerat sea, porro commodo ex eam. His putant aeterno interesset at. Usu ea mundi tincidunt, omnium virtute aliquando ius ex.</p>\r\n<p>Ea aperiri sententiae duo. Usu nullam dolorum quaestio ei, sit vidit facilisis ea. Per ne impedit iracundia neglegentur. Consetetur neglegentur eum ut, vis animal legimus inimicus id.</p>\r\n<p>His audiam deserunt in, eum ubique voluptatibus te. In reque dicta usu. Ne rebum dissentiet eam, vim omnis deseruisse id. Ullum deleniti vituperata at quo, insolens complectitur te eos, ea pri dico munere propriae. Vel ferri facilis ut, qui paulo ridens praesent ad. Possim alterum qui cu. Accusamus consulatu ius te, cu decore soleat appareat usu. Est ei erat mucius quaeque. Ei his quas phaedrum, efficiantur mediocritatem ne sed, hinc oratio blandit ei sed. Blandit gloriatur eam et.</p>\r\n<p>Brute noluisse per et, verear disputando neglegentur at quo. Sea quem legere ei, unum soluta ne duo. Ludus complectitur quo te, ut vide autem homero pro.</p>',	1,	'2012-09-07 13:27:00',	'2012-09-07 13:27:31'),
(3,	'Ut vestibulum sodales arcu',	'3_ut-vestibulum-sodales-arcu',	'<p>Lorem ipsum dolor sit amet, consectetuer adipiscing elit, sed diam nonummy nibh euismod tincidunt ut laoreet dolore magna aliquam erat volutpat. Ut wisi enim ad minim veniam, quis nostrud exerci tation ullamcorper suscipit lobortis nisl ut aliquip ex ea commodo consequat. Duis autem vel eum iriure dolor in hendrerit in vulputate velit esse molestie consequat, vel illum dolore eu feugiat nulla facilisis at vero eros et accumsan et iusto odio dignissim qui blandit praesent luptatum zzril delenit augue duis dolore te feugait nulla facilisi. Expetenda tincidunt in sed, ex partem placerat sea, porro commodo ex eam. His putant aeterno interesset at. Usu ea mundi tincidunt, omnium virtute aliquando ius ex.</p>\r\n<p>Ea aperiri sententiae duo. Usu nullam dolorum quaestio ei, sit vidit facilisis ea. Per ne impedit iracundia neglegentur. Consetetur neglegentur eum ut, vis animal legimus inimicus id.</p>\r\n<p>His audiam deserunt in, eum ubique voluptatibus te. In reque dicta usu. Ne rebum dissentiet eam, vim omnis deseruisse id. Ullum deleniti vituperata at quo, insolens complectitur te eos, ea pri dico munere propriae. Vel ferri facilis ut, qui paulo ridens praesent ad. Possim alterum qui cu. Accusamus consulatu ius te, cu decore soleat appareat usu. Est ei erat mucius quaeque. Ei his quas phaedrum, efficiantur mediocritatem ne sed, hinc oratio blandit ei sed. Blandit gloriatur eam et.</p>\r\n<p>Brute noluisse per et, verear disputando neglegentur at quo. Sea quem legere ei, unum soluta ne duo. Ludus complectitur quo te, ut vide autem homero pro.</p>',	1,	'2012-09-07 13:27:00',	'2012-09-07 13:27:50');

DROP TABLE IF EXISTS `users`;
CREATE TABLE `users` (
  `id` int(10) unsigned NOT NULL AUTO_INCREMENT,
  `username` varchar(255) NOT NULL,
  `password` varchar(255) NOT NULL,
  `nombre` varchar(255) DEFAULT NULL,
  `apellidos` varchar(255) DEFAULT NULL,
  `master` tinyint(1) DEFAULT '0',
  `created` datetime DEFAULT NULL,
  PRIMARY KEY (`id`)
) ENGINE=MyISAM DEFAULT CHARSET=utf8;

INSERT INTO `users` (`id`, `username`, `password`, `nombre`, `apellidos`, `master`, `created`) VALUES
(1,	'pulsem',	'327d3429df2c4512edc07ed9e948aa75f5d14f50',	'Master',	NULL,	1,	'2010-01-01 00:00:00'),
(2,	'admin',	'd033e22ae348aeb5660fc2140aec35850c4da997',	'Master',	NULL,	1,	'2010-01-01 00:00:00');

-- 2012-10-20 18:46:44
